0	55.698
1	1.618
2	1.547
3	1.551
4	1.598
5	1.473
6	1.608
7	1.429
8	1.704
9	2.238
10	3.421
11	4.605
12	6.357
13	7.769
14	13.377
15	10.113
16	11.104
17	12.955
18	14.388
19	16.701
20	18.410
21	21.354
22	25.072
23	30.809
24	53.155
25	35.662
26	35.995
27	37.773
28	40.396
29	44.312
30	49.106
31	52.594
32	58.164
33	30.790
34	36.093
35	46.679
36	55.535
37	40.150
38	42.407
39	59.152
40	59.608
41	120.286
42	72.509
43	37.013
44	38.925
45	46.914
46	44.163
47	44.328
48	59.541
49	47.832
50	59.536
51	65.831
52	49.633
53	21.122
54	7.136
55	8.539
56	44.063
57	21.466
58	13.942
59	13.225
60	13.677
61	13.948
62	12.233
63	11.931
64	14.817
65	16.597
66	19.066
67	54.383
68	63.323
69	38.898
70	41.161
71	37.443
72	38.803
73	36.828
74	36.592
75	37.811
76	37.763
77	42.285
78	37.211
79	36.108
80	50.743
81	48.778
82	36.361
83	38.094
84	46.150
85	43.923
86	37.257
87	37.963
88	37.962
89	38.545
90	37.929
91	41.838
92	75.489
93	65.878
94	45.144
95	45.832
96	36.836
97	35.573
98	49.333
99	34.548
100	37.751
101	39.862
102	53.925
103	64.043
104	71.504
105	112.817
106	96.049
107	70.049
108	55.283
109	67.391
110	59.075
111	55.225
112	54.732
113	55.379
114	61.585
115	62.696
116	58.231
117	100.219
118	63.288
119	53.980
120	53.922
121	71.962
122	64.565
123	58.404
124	61.138
125	73.648
126	53.334
127	60.792
128	54.305
129	54.867
130	54.509
131	60.244
132	53.651
133	59.345
134	59.239
135	77.607
136	53.655
137	62.920
138	57.109
139	55.972
140	58.714
141	76.811
142	56.995
143	73.740
144	53.180
145	69.403
146	61.783
147	81.557
148	62.571
149	59.798
150	68.679
151	106.475
152	117.890
153	107.072
154	102.740
155	101.141
156	101.728
157	99.878
158	110.328
159	58.347
160	53.715
161	56.506
162	51.008
163	46.830
164	55.715
165	70.725
166	68.877
167	46.810
168	50.064
169	48.886
170	48.024
171	55.806
172	151.569
173	49.690
174	46.852
175	69.698
176	49.735
177	48.228
178	71.559
179	67.929
180	58.498
181	52.926
182	52.679
183	102.177
184	53.158
185	69.821
186	46.740
187	46.944
188	48.186
189	49.089
190	50.674
191	47.083
192	49.747
193	47.331
194	47.513
195	49.669
196	50.680
197	51.551
198	50.403
199	48.661
200	48.895
201	59.543
202	58.002
203	66.888
204	5.685
205	245.947
206	230.821
207	227.422
208	251.342
209	233.293
210	258.365
211	229.719
212	259.265
213	248.179
214	242.453
215	250.273
216	208.603
217	201.642
218	254.571
219	221.556
220	210.093
221	241.227
222	205.929
223	209.517
224	208.318
225	224.374
226	220.870
227	233.189
228	248.890
229	206.237
230	254.639
231	236.454
232	222.624
233	224.846
234	260.135
235	308.456
236	258.645
237	60.537
238	48.035
239	51.248
240	94.043
241	82.399
242	62.598
243	63.941
244	51.908
245	46.975
246	47.362
247	54.678
248	115.686
249	112.646
250	64.653
251	55.223
252	62.956
253	50.998
254	49.295
255	52.138
256	62.986
257	73.597
258	49.605
259	62.192
260	51.685
261	63.608
262	53.759
263	56.463
264	62.522
265	60.804
266	74.262
267	102.810
268	51.944
269	65.723
270	63.687
271	62.345
272	83.384
273	109.452
274	50.451
275	50.388
276	65.466
277	54.766
278	48.033
279	48.130
280	51.319
281	50.703
282	66.503
283	49.008
284	72.626
285	56.903
286	50.052
287	59.814
288	72.500
289	49.649
290	51.519
291	71.908
292	60.199
293	65.274
294	80.117
295	58.663
296	69.080
297	65.709
298	101.168
299	68.141
300	73.892
301	112.363
302	51.790
303	79.322
304	90.255
305	142.060
306	51.939
307	51.559
308	54.072
309	55.154
310	62.182
311	46.960
312	47.828
313	50.268
314	49.883
315	52.682
316	53.955
317	71.312
318	50.634
319	47.412
320	53.945
321	52.052
322	88.637
323	49.649
324	102.724
325	54.249
326	62.130
327	4.062
328	45.761
329	40.469
330	34.919
331	26.596
332	28.057
333	56.855
334	49.229
335	46.357
336	31.419
337	54.281
338	81.536
339	59.760
340	31.217
341	59.838
342	42.204
343	33.993
344	36.511
345	40.773
346	41.080
347	38.644
348	28.954
349	49.174
350	43.023
351	36.117
352	32.593
353	36.118
354	30.818
355	55.586
356	64.381
357	39.735
358	35.145
359	74.751
360	111.215
361	75.072
362	94.543
363	63.747
364	64.208
365	66.874
366	65.401
367	63.628
368	77.384
369	96.752
370	70.406
371	107.173
372	67.365
373	143.779
374	68.288
375	115.383
376	62.516
377	65.907
378	89.614
379	65.339
380	88.885
381	136.189
382	87.881
383	81.157
384	74.356
385	64.668
386	70.672
387	110.785
388	65.976
389	74.306
390	64.437
391	83.795
392	65.209
393	317.591
394	66.244
395	64.130
396	90.599
397	62.719
398	84.857
399	92.442
400	78.503
401	90.416
402	66.774
403	85.511
404	131.864
405	77.546
406	81.862
407	77.708
408	67.806
409	68.440
410	65.512
411	74.010
412	76.495
413	63.995
414	64.564
415	70.237
416	69.685
417	61.529
418	64.705
419	68.831
420	69.335
421	65.422
422	75.899
423	61.511
424	82.892
425	70.215
426	79.093
427	66.850
428	62.630
429	72.686
430	215.534
431	110.843
432	169.419
433	80.045
434	74.014
435	156.059
436	120.992
437	74.697
438	88.415
439	71.206
440	64.168
441	88.952
442	74.142
443	70.195
444	70.624
445	66.363
446	125.291
447	77.662
448	67.077
449	68.157
450	70.120
451	112.801
452	195.138
453	83.357
454	107.940
455	124.599
456	84.670
457	87.390
458	76.112
459	77.372
460	76.376
461	78.497
462	116.264
463	94.426
464	105.769
465	129.729
466	127.852
467	73.604
468	134.503
469	75.093
470	78.301
471	91.889
472	141.032
473	84.740
474	123.992
475	113.610
476	258.060
477	104.286
478	67.068
479	67.628
480	68.322
481	115.673
482	149.065
483	76.761
484	124.744
485	76.389
486	370.603
487	433.303
488	411.942
489	329.793
490	338.175
491	172.122
492	163.529
493	152.900
494	173.601
495	181.572
496	166.158
497	130.143
498	132.452
499	141.051
500	133.755
501	125.345
502	134.126
503	124.338
504	142.723
505	134.478
506	134.035
507	221.053
508	176.993
509	155.492
510	199.651
511	285.336
512	233.665
513	177.127
514	175.448
515	212.547
516	213.624
517	264.391
518	202.549
519	459.108
520	823.099
521	492.223
522	291.002
523	69.989
524	98.644
525	81.368
526	64.397
527	68.640
528	53.934
529	66.493
530	142.930
531	61.224
532	56.847
533	140.196
534	57.565
535	55.300
536	55.661
537	112.389
538	61.406
539	82.749
540	112.750
541	83.664
542	59.063
543	87.896
544	129.668
545	60.793
546	147.784
547	57.213
548	96.736
549	55.909
550	66.055
551	110.807
552	102.684
553	58.344
554	55.366
555	54.893
556	127.531
557	69.376
558	186.604
559	113.562
560	58.921
561	129.530
562	162.609
563	118.595
564	61.057
565	58.399
566	120.574
567	94.011
568	58.174
569	134.002
570	59.361
571	56.298
572	59.956
573	81.749
574	69.192
575	66.840
576	60.440
577	62.096
578	150.036
579	236.365
580	294.631
581	144.014
582	67.058
583	159.655
584	79.036
585	55.532
586	75.607
587	145.281
588	108.609
589	53.735
590	55.558
591	6.908
592	61.451
593	46.805
594	40.555
595	41.368
596	54.360
597	33.038
598	30.659
599	31.453
600	34.089
601	49.696
602	65.235
603	67.002
604	34.218
605	37.789
606	28.789
607	61.691
608	37.115
609	39.270
610	40.308
611	71.177
612	67.731
613	27.866
614	39.107
615	31.414
616	47.828
617	61.620
618	28.804
619	27.153
620	27.405
621	58.290
622	92.474
623	30.978
624	162.226
625	104.201
626	436.849
627	251.899
628	78.986
629	73.701
630	59.459
631	86.115
632	92.843
633	48.706
634	76.041
635	51.830
636	50.160
637	216.162
638	144.978
639	80.605
640	60.035
641	59.554
642	111.906
643	167.043
644	249.551
645	151.583
646	61.778
647	67.609
648	67.429
649	55.871
650	250.346
651	73.883
652	70.530
653	118.550
654	72.827
655	60.158
656	96.624
657	241.544
658	73.638
659	84.277
660	274.230
661	68.784
662	155.749
663	69.571
664	181.915
665	66.333
666	47.481
667	55.489
668	118.373
669	74.071
670	48.968
671	49.685
672	55.112
673	57.291
674	50.469
675	52.984
676	55.454
677	102.841
678	127.167
679	48.003
680	101.668
681	114.353
682	110.884
683	93.232
684	70.489
685	77.242
686	117.780
687	58.016
688	76.720
689	73.744
690	97.048
691	54.065
692	59.246
693	68.632
694	51.329
695	84.107
696	83.212
697	91.856
698	79.849
699	53.689
700	54.241
701	58.761
702	55.269
703	187.934
704	58.519
705	64.528
706	58.808
707	188.030
708	142.563
709	110.447
710	64.333
711	62.841
712	76.354
713	132.373
714	153.871
715	110.265
716	67.492
717	88.100
718	72.531
719	106.114
720	92.570
721	82.666
722	136.191
723	75.203
724	52.227
725	52.869
726	103.411
727	66.872
728	47.371
729	68.166
730	72.345
731	64.737
732	59.694
733	86.120
734	81.737
735	61.645
736	63.966
737	75.401
738	65.564
739	62.007
740	66.473
741	67.742
742	109.955
743	67.624
744	2.259
745	4.129
746	16.815
747	24.962
748	4.819
749	2.944
750	4.937
751	4.538
752	24.428
753	35.278
754	18.050
755	76.090
756	47.237
757	64.683
758	134.037
759	184.825
760	193.593
761	75.977
762	66.932
763	88.646
764	76.059
765	119.352
766	118.198
767	97.246
768	154.713
769	112.278
770	143.748
771	289.613
772	222.758
773	201.784
774	227.423
775	185.584
776	305.464
777	177.461
778	235.673
779	261.775
780	179.072
781	188.722
782	182.082
783	176.479
784	178.250
785	167.577
786	168.121
787	175.078
788	173.229
789	202.551
790	168.983
791	180.744
792	171.440
793	168.596
794	192.785
795	183.929
796	199.417
797	168.125
798	168.035
799	162.552
800	172.215
801	175.210
802	174.370
803	169.921
804	176.196
805	188.155
806	173.828
807	171.409
808	231.118
809	209.841
810	175.887
811	168.790
812	169.405
813	182.808
814	261.450
815	203.684
816	169.815
817	161.096
818	181.712
819	191.242
820	171.740
821	196.019
822	86.393
823	109.970
824	115.991
825	56.916
826	50.068
827	49.509
828	53.938
829	58.180
830	80.152
831	78.368
832	89.293
833	105.712
834	60.275
835	50.938
836	57.638
837	101.436
838	65.529
839	54.831
840	51.424
841	51.841
842	66.565
843	53.008
844	62.870
845	49.331
846	65.228
847	87.028
848	126.535
849	141.524
850	85.140
851	75.081
852	103.407
853	79.154
854	80.711
855	78.716
856	51.595
857	51.515
858	53.621
859	56.381
860	56.657
861	90.809
862	72.425
863	73.022
864	75.179
865	60.270
866	58.655
867	129.119
868	58.192
869	72.093
870	50.979
871	62.973
872	83.306
873	163.730
874	67.288
875	58.599
876	52.640
877	59.974
878	101.379
879	127.370
880	65.739
881	59.286
882	52.454
883	61.696
884	64.166
885	85.393
886	55.958
887	51.746
888	50.536
889	54.732
890	54.227
891	49.173
892	48.611
893	49.130
894	47.576
895	61.124
896	51.166
897	53.958
898	69.243
899	54.969
900	47.722
901	72.174
902	65.021
903	50.289
904	61.666
905	116.505
906	50.736
907	50.007
908	55.386
909	71.298
910	61.144
911	55.838
912	50.488
913	39.607
914	32.736
915	38.980
916	33.346
917	80.631
918	48.442
919	79.395
920	188.117
921	150.039
922	213.121
923	303.956
924	309.647
925	427.400
926	495.854
927	646.430
928	675.747
929	686.354
930	714.559
931	736.425
932	674.905
933	621.205
934	643.117
935	619.669
936	670.202
937	601.028
938	613.103
939	595.401
940	561.611
941	572.510
942	567.418
943	592.241
944	489.082
945	459.088
946	515.002
947	499.186
948	389.736
949	406.407
950	442.044
951	432.368
952	511.810
953	416.989
954	413.348
955	350.642
956	392.439
957	392.872
958	411.932
959	399.398
960	419.483
961	334.197
962	363.846
963	389.466
964	349.972
965	353.897
966	370.091
967	462.688
968	361.539
969	340.504
970	343.695
971	356.461
972	349.152
973	375.197
974	357.225
975	406.096
976	420.595
977	341.012
978	359.697
979	426.683
980	379.189
981	422.104
982	342.945
983	355.556
984	360.648
985	425.307
986	471.546
987	371.408
988	394.695
989	418.846
990	363.205
991	359.942
992	518.267
993	412.454
994	429.609
995	403.288
996	380.720
997	357.399
998	401.932
999	461.048
1000	414.669
1001	440.849
1002	352.839
1003	366.487
1004	418.117
1005	442.176
1006	410.839
1007	372.882
1008	447.413
1009	578.196
1010	581.270
1011	457.118
1012	352.930
1013	522.182
1014	352.625
1015	400.992
1016	509.642
1017	620.031
1018	457.323
1019	352.095
1020	543.267
1021	385.659
1022	409.728
1023	419.909
1024	377.817
1025	501.321
1026	440.349
1027	712.742
1028	644.461
1029	641.709
1030	555.740
1031	529.382
1032	352.310
1033	432.843
1034	345.418
1035	395.078
1036	399.744
1037	370.269
1038	648.717
1039	733.769
1040	425.098
1041	368.367
1042	355.296
1043	419.368
1044	368.031
1045	327.422
1046	331.657
1047	331.935
1048	331.658
1049	357.430
1050	305.467
1051	286.324
1052	288.760
1053	292.559
1054	323.103
1055	287.370
1056	286.005
1057	291.484
1058	285.842
1059	286.083
1060	288.646
1061	286.157
1062	285.786
1063	288.911
1064	287.515
1065	290.320
1066	289.545
1067	291.430
1068	2.798
1069	2.348
1070	2.894
1071	2.430
1072	2.600
1073	2.351
1074	3.719
1075	5.400
1076	2.472
1077	2.771
1078	2.238
1079	2.308
