0	50.764
1	1.827
2	1.706
3	1.582
4	1.430
5	2.232
6	1.432
7	1.599
8	1.646
9	56.925
10	53.151
11	52.472
12	51.359
13	56.871
14	60.968
15	52.071
16	57.315
17	53.792
18	54.528
19	102.194
20	102.230
21	101.144
22	102.001
23	103.548
24	102.371
25	101.757
26	102.684
27	103.685
28	101.438
29	150.037
30	150.039
31	152.962
32	153.761
33	111.138
34	103.099
35	103.371
36	101.362
37	102.453
38	152.875
39	154.423
40	156.043
41	153.272
42	163.058
43	106.800
44	105.187
45	104.448
46	102.743
47	102.916
48	101.557
49	101.539
50	101.945
51	116.529
52	103.812
53	55.312
54	6.458
55	8.267
56	11.518
57	12.757
58	13.538
59	13.543
60	13.957
61	12.159
62	11.848
63	11.311
64	11.515
65	12.626
66	19.169
67	38.976
68	38.780
69	35.672
70	34.486
71	37.536
72	35.957
73	36.342
74	36.463
75	34.314
76	34.904
77	34.688
78	34.990
79	34.720
80	35.780
81	35.447
82	35.085
83	34.704
84	35.104
85	35.627
86	35.657
87	35.409
88	35.752
89	36.728
90	37.001
91	37.256
92	36.660
93	38.128
94	36.667
95	35.133
96	35.734
97	34.559
98	35.529
99	33.675
100	35.954
101	39.688
102	54.397
103	63.278
104	67.904
105	94.289
106	91.038
107	54.128
108	52.990
109	53.235
110	53.214
111	55.187
112	55.159
113	53.244
114	54.298
115	52.804
116	54.121
117	54.491
118	53.468
119	52.775
120	102.180
121	64.906
122	54.420
123	53.434
124	54.544
125	54.964
126	55.456
127	57.066
128	56.242
129	56.502
130	55.123
131	54.861
132	54.040
133	62.020
134	53.255
135	57.527
136	55.407
137	54.190
138	53.691
139	53.493
140	53.752
141	53.315
142	54.414
143	53.482
144	53.365
145	53.648
146	52.496
147	54.196
148	54.053
149	55.578
150	60.948
151	100.499
152	99.364
153	98.265
154	98.340
155	97.713
156	99.477
157	98.633
158	100.148
159	47.081
160	46.447
161	47.334
162	46.303
163	47.611
164	47.492
165	47.326
166	47.244
167	47.245
168	47.106
169	47.108
170	46.565
171	47.430
172	46.655
173	46.726
174	46.793
175	47.038
176	49.136
177	47.992
178	47.366
179	48.774
180	46.900
181	46.804
182	48.439
183	49.410
184	48.426
185	46.437
186	46.927
187	46.844
188	46.998
189	46.674
190	46.950
191	47.078
192	48.044
193	46.714
194	54.752
195	47.533
196	48.283
197	46.865
198	47.609
199	47.870
200	47.138
201	47.959
202	48.551
203	47.308
204	4.554
205	586.246
206	586.314
207	585.648
208	576.497
209	570.486
210	577.692
211	578.878
212	566.038
213	573.132
214	581.351
215	579.620
216	583.672
217	555.728
218	562.458
219	557.233
220	558.730
221	560.484
222	559.837
223	556.972
224	567.182
225	567.634
226	555.227
227	558.317
228	560.220
229	560.919
230	562.228
231	555.801
232	572.371
233	586.504
234	582.260
235	581.790
236	586.833
237	51.900
238	45.859
239	47.697
240	46.978
241	46.459
242	46.390
243	46.234
244	46.668
245	47.088
246	46.631
247	46.742
248	47.187
249	47.093
250	48.032
251	46.599
252	46.024
253	49.016
254	46.754
255	48.302
256	47.002
257	46.671
258	49.917
259	46.906
260	48.726
261	47.272
262	46.443
263	73.284
264	51.265
265	48.683
266	46.716
267	58.852
268	189.280
269	118.581
270	49.076
271	73.871
272	47.864
273	52.807
274	48.494
275	169.694
276	80.390
277	49.987
278	48.473
279	48.042
280	56.255
281	51.050
282	47.197
283	50.364
284	47.236
285	50.574
286	52.265
287	50.893
288	48.297
289	59.459
290	52.266
291	51.605
292	49.589
293	47.608
294	55.862
295	46.580
296	49.095
297	46.547
298	47.327
299	46.329
300	47.861
301	46.979
302	47.681
303	47.128
304	46.714
305	48.629
306	48.649
307	45.837
308	46.293
309	46.206
310	46.735
311	50.163
312	45.972
313	46.543
314	46.716
315	46.515
316	46.601
317	47.658
318	46.926
319	47.410
320	46.951
321	46.032
322	48.015
323	46.752
324	46.588
325	46.792
326	47.783
327	3.946
328	67.986
329	59.706
330	56.710
331	60.221
332	57.525
333	58.139
334	57.095
335	60.964
336	56.333
337	56.850
338	55.916
339	56.406
340	57.512
341	55.139
342	58.281
343	55.207
344	55.815
345	56.185
346	56.460
347	55.840
348	56.414
349	56.055
350	58.420
351	56.855
352	55.620
353	56.617
354	60.151
355	57.869
356	59.365
357	60.103
358	60.433
359	60.643
360	178.169
361	64.803
362	63.861
363	63.223
364	64.234
365	65.904
366	65.020
367	61.670
368	69.724
369	64.045
370	63.225
371	63.533
372	65.384
373	71.086
374	64.952
375	64.078
376	61.877
377	62.311
378	61.913
379	63.916
380	62.012
381	63.966
382	62.276
383	68.146
384	62.692
385	62.453
386	61.859
387	62.696
388	66.409
389	61.486
390	60.289
391	62.234
392	70.236
393	64.771
394	64.151
395	63.326
396	61.565
397	61.100
398	62.652
399	63.051
400	64.448
401	71.132
402	60.812
403	62.933
404	61.168
405	60.601
406	60.752
407	61.185
408	60.954
409	61.230
410	61.003
411	61.038
412	63.010
413	64.456
414	60.078
415	61.986
416	61.380
417	70.576
418	64.767
419	63.582
420	63.577
421	62.327
422	61.712
423	71.612
424	61.230
425	62.543
426	61.156
427	62.288
428	60.825
429	61.863
430	60.953
431	60.720
432	60.698
433	63.707
434	61.434
435	68.355
436	62.182
437	60.145
438	61.072
439	61.365
440	61.856
441	64.742
442	60.628
443	61.224
444	63.865
445	63.431
446	60.628
447	63.758
448	61.142
449	62.859
450	62.556
451	62.833
452	63.466
453	63.167
454	63.073
455	62.081
456	64.608
457	63.672
458	62.333
459	62.662
460	61.108
461	60.463
462	60.241
463	62.974
464	60.609
465	61.666
466	63.023
467	62.786
468	61.057
469	63.027
470	61.082
471	62.792
472	60.118
473	61.692
474	60.250
475	63.242
476	62.744
477	61.656
478	63.130
479	61.843
480	60.237
481	63.371
482	60.819
483	61.002
484	61.693
485	61.057
486	316.084
487	307.258
488	337.443
489	330.496
490	330.541
491	235.357
492	232.203
493	234.385
494	236.931
495	234.620
496	233.558
497	236.683
498	241.929
499	237.898
500	250.980
501	237.122
502	232.260
503	277.840
504	238.329
505	235.790
506	233.019
507	236.498
508	231.998
509	233.361
510	233.457
511	233.134
512	232.812
513	234.606
514	231.919
515	233.763
516	233.102
517	232.309
518	233.722
519	442.722
520	434.961
521	433.188
522	251.585
523	54.243
524	53.878
525	52.816
526	53.125
527	53.405
528	55.143
529	54.553
530	53.201
531	55.009
532	54.494
533	55.386
534	52.071
535	52.588
536	52.246
537	54.365
538	52.111
539	52.619
540	74.540
541	53.924
542	53.058
543	53.310
544	53.012
545	53.477
546	52.752
547	52.223
548	52.485
549	54.261
550	54.123
551	53.685
552	52.434
553	52.473
554	52.206
555	53.211
556	53.037
557	54.493
558	52.294
559	52.499
560	54.327
561	52.890
562	54.123
563	53.313
564	53.860
565	52.092
566	53.061
567	54.340
568	55.114
569	52.908
570	52.888
571	53.462
572	53.965
573	55.271
574	52.015
575	52.439
576	54.442
577	52.161
578	54.166
579	53.067
580	54.761
581	54.917
582	52.469
583	52.827
584	55.311
585	59.156
586	53.927
587	56.155
588	52.429
589	54.192
590	54.759
591	6.464
592	62.640
593	59.301
594	60.431
595	60.914
596	59.501
597	56.390
598	59.124
599	56.332
600	59.733
601	57.994
602	57.987
603	56.190
604	55.170
605	56.406
606	55.210
607	56.036
608	53.651
609	52.285
610	52.330
611	57.467
612	52.744
613	53.545
614	53.773
615	55.755
616	55.863
617	52.110
618	53.851
619	53.976
620	54.365
621	56.727
622	56.466
623	54.644
624	54.447
625	47.761
626	48.623
627	48.651
628	46.298
629	46.730
630	46.621
631	48.771
632	46.836
633	48.717
634	46.496
635	46.859
636	46.061
637	46.079
638	47.760
639	55.459
640	48.544
641	48.530
642	47.750
643	46.362
644	48.018
645	46.544
646	47.978
647	47.245
648	45.716
649	47.510
650	46.513
651	47.466
652	46.131
653	45.996
654	49.761
655	48.554
656	50.202
657	47.962
658	47.389
659	46.998
660	45.907
661	48.092
662	46.403
663	47.344
664	47.029
665	48.906
666	47.224
667	47.190
668	46.044
669	48.910
670	49.447
671	48.356
672	49.785
673	47.482
674	47.715
675	47.184
676	47.235
677	46.940
678	45.850
679	45.835
680	104.927
681	99.180
682	102.385
683	99.996
684	48.907
685	47.892
686	47.840
687	50.062
688	46.204
689	46.455
690	48.575
691	46.877
692	46.527
693	46.318
694	46.404
695	47.890
696	46.378
697	48.152
698	46.451
699	47.605
700	47.786
701	47.860
702	48.411
703	46.834
704	45.857
705	46.798
706	46.619
707	48.258
708	45.880
709	46.561
710	47.230
711	47.304
712	47.464
713	47.276
714	50.522
715	48.391
716	50.371
717	48.003
718	47.274
719	47.815
720	46.427
721	47.496
722	47.656
723	46.615
724	47.289
725	47.252
726	47.643
727	45.725
728	46.122
729	54.899
730	55.862
731	54.391
732	55.788
733	52.992
734	52.992
735	53.539
736	52.979
737	54.526
738	52.674
739	55.075
740	52.576
741	52.765
742	53.046
743	53.721
744	2.082
745	4.619
746	2.365
747	2.126
748	2.574
749	2.068
750	2.133
751	2.067
752	2.081
753	60.097
754	55.427
755	112.050
756	107.920
757	160.901
758	161.491
759	207.800
760	206.523
761	206.804
762	210.498
763	263.678
764	259.936
765	259.417
766	310.297
767	310.768
768	362.305
769	358.677
770	412.428
771	411.744
772	461.918
773	457.493
774	513.689
775	513.742
776	511.957
777	513.166
778	506.762
779	510.155
780	517.001
781	512.424
782	509.091
783	567.570
784	506.964
785	506.796
786	511.946
787	504.200
788	524.462
789	507.118
790	511.558
791	506.779
792	518.809
793	506.526
794	512.927
795	513.611
796	516.466
797	509.424
798	512.282
799	511.092
800	506.066
801	507.531
802	537.115
803	504.409
804	534.395
805	522.007
806	502.324
807	508.937
808	505.074
809	512.961
810	509.473
811	505.702
812	506.799
813	510.716
814	513.186
815	508.273
816	504.033
817	506.529
818	527.002
819	512.545
820	503.825
821	508.282
822	51.460
823	49.681
824	49.407
825	49.323
826	48.556
827	49.769
828	49.323
829	49.141
830	48.063
831	50.081
832	48.967
833	48.370
834	46.414
835	48.565
836	47.427
837	48.706
838	47.129
839	47.486
840	46.723
841	47.556
842	48.037
843	49.288
844	48.265
845	46.817
846	46.919
847	47.195
848	48.977
849	49.225
850	48.055
851	50.402
852	47.699
853	47.417
854	49.056
855	48.732
856	49.714
857	49.661
858	48.121
859	47.191
860	46.753
861	47.635
862	48.765
863	48.038
864	48.550
865	47.273
866	47.874
867	49.807
868	48.967
869	46.423
870	46.908
871	47.007
872	47.465
873	47.124
874	48.544
875	48.700
876	48.628
877	47.522
878	46.881
879	47.437
880	47.867
881	48.488
882	48.355
883	47.294
884	50.367
885	47.550
886	46.389
887	47.659
888	49.435
889	48.603
890	47.212
891	48.124
892	47.209
893	46.786
894	47.289
895	47.724
896	47.136
897	47.202
898	47.612
899	50.369
900	69.889
901	47.776
902	47.705
903	47.598
904	47.556
905	47.781
906	47.314
907	48.196
908	47.470
909	47.445
910	47.819
911	47.785
912	28.379
913	29.344
914	29.044
915	29.954
916	31.838
917	41.252
918	36.406
919	147.004
920	250.321
921	249.662
922	455.075
923	677.126
924	665.547
925	890.261
926	1224.152
927	1085.151
928	1277.281
929	1494.774
930	1508.429
931	1602.099
932	1481.069
933	1483.979
934	1520.350
935	1516.108
936	1474.488
937	1469.264
938	1477.176
939	1427.216
940	1372.711
941	1386.404
942	1282.435
943	1212.021
944	1177.840
945	1089.974
946	981.530
947	986.577
948	886.946
949	785.863
950	794.599
951	789.415
952	775.984
953	782.462
954	784.018
955	776.344
956	791.398
957	778.229
958	782.084
959	779.114
960	781.627
961	780.882
962	783.480
963	779.986
964	786.212
965	782.439
966	781.113
967	781.283
968	778.355
969	772.017
970	779.790
971	785.964
972	783.492
973	785.357
974	782.247
975	781.339
976	781.436
977	781.673
978	781.369
979	776.248
980	774.640
981	775.643
982	777.724
983	781.941
984	781.736
985	781.393
986	780.312
987	774.344
988	778.397
989	786.851
990	772.426
991	789.472
992	791.361
993	789.258
994	786.476
995	788.587
996	804.774
997	787.428
998	803.559
999	822.084
1000	790.945
1001	783.948
1002	806.192
1003	845.402
1004	796.098
1005	781.654
1006	841.314
1007	789.570
1008	788.921
1009	849.096
1010	806.341
1011	797.284
1012	778.828
1013	773.742
1014	775.132
1015	779.187
1016	779.159
1017	786.742
1018	776.834
1019	774.395
1020	782.199
1021	790.619
1022	798.092
1023	782.520
1024	774.655
1025	772.928
1026	782.484
1027	786.404
1028	779.018
1029	771.481
1030	791.282
1031	784.487
1032	786.849
1033	776.100
1034	779.198
1035	772.484
1036	777.063
1037	778.459
1038	791.673
1039	798.571
1040	818.194
1041	774.351
1042	794.445
1043	829.427
1044	855.055
1045	779.694
1046	786.244
1047	775.814
1048	772.825
1049	798.920
1050	809.820
1051	786.291
1052	773.023
1053	781.254
1054	882.367
1055	798.398
1056	863.119
1057	906.355
1058	827.332
1059	816.551
1060	808.781
1061	791.449
1062	806.347
1063	800.276
1064	767.076
1065	758.762
1066	753.730
1067	753.563
1068	3.606
1069	2.292
1070	2.267
1071	2.392
1072	2.255
1073	2.485
1074	2.212
1075	3.089
1076	2.309
1077	2.500
1078	3.098
1079	2.170
