w,model,photo,sentence,caption,note
92,sonnet,miss,hit,miss,"saw a subline under tile 9 but could not read it; no false alarm on 7/8"
148,sonnet,hit,hit,hit,"also flags cobweb-cobweb pairs (fixture design) as doubled text"
130,sonnet,hit,hit,hit,""
140,sonnet,hit,hit,hit,""
160,sonnet,hit,hit,hit,""
184,sonnet,hit,hit,hit,"photo found but ranked third"
120,sonnet,hit,hit,hit,"photo buried low in list; hallucinated missing header on 9-10"
130,opus,hit,hit,hit,""
120,opus,hit,hit,hit,"'a second, even tinier string of lights line'"
148,opus,hit,hit,hit,""
160,opus,hit,hit,partial,"'two small lines, second even smaller' - not read as same words"
184,opus,hit,hit,partial,"'two small stacked lines, second smaller still'"
140,opus,hit,hit,hit,"'tiny second copy underneath'"
184,haiku,miss,miss,miss,"hallucinated duplicate 5 on tile 11; misread tile 17 as skeleton content"
140,haiku,miss,miss,miss,"reported countdown and loop only"
130,haiku,miss,miss,miss,"hallucinated 'spider web in my hand' caption; mis-indexed tiles"
92,opus,hit,hit,hit,"'string of lights above an even smaller string of lights' yet also says fine print unreadable"
148,haiku,miss,miss,miss,"hallucinated countdown background mismatch"
160,haiku,miss,miss,miss,"hallucinated dreamcatcher"
92,haiku,miss,miss,miss,"hallucinated '5' and '6' orphan numbers"
120,haiku,partial,miss,miss,"'spider and skeleton tiles near-identical' but mis-indexed, hallucinated 5th word"
ctrl184,haiku,n/a,n/a,miss,"clean sheet: no photo/sentence false alarm; hallucinated umbrella scene"
ctrl184,sonnet,n/a,n/a,hit,"clean sheet: no photo/sentence false alarm"
ctrl184,opus,n/a,n/a,partial,"clean sheet: saw the skeleton in tile 8; subline 'at the edge of legibility'"
